"","state","name.x","id","year","total_liabilities","net_pension_liability","net_opeb_liability","expenses","revenues","ncesID","name.y","nces_original_name","county_name","city","students"
"1","CA","Los Angeles Unified School District","146329",2020,29653109000,7446273000,8578152000,9320067000,9124800000,"0622710","Los Angeles Unified School District","Los Angeles Unified","Los Angeles County","Los Angeles",483234
"2","CA","Los Angeles Unified School District","146329",2021,33141717000,7935187000,11062961000,9827740000,10548699000,"0622710","Los Angeles Unified School District","Los Angeles Unified","Los Angeles County","Los Angeles",483234
"3","CA","Los Angeles Unified School District","146329",2022,28683759000,4311675000,10186225000,10824582000,12425358000,"0622710","Los Angeles Unified School District","Los Angeles Unified","Los Angeles County","Los Angeles",483234
"4","IL","Chicago Board of Education","198265",2020,27536280000,14127342000,2554892000,8034274000,6953478000,"1709930","Chicago Board of Education","City of Chicago SD 299","Cook County","Chicago",347484
"5","IL","Chicago Board of Education","198265",2021,29255897000,15440803000,2908390000,9035395000,7484194000,"1709930","Chicago Board of Education","City of Chicago SD 299","Cook County","Chicago",347484
"6","IL","Chicago Board of Education","198265",2022,29464982000,14727410000,3304981000,9159928000,8394133000,"1709930","Chicago Board of Education","City of Chicago SD 299","Cook County","Chicago",347484
"7","FL","The School Board of Miami-Dade County","69706",2020,6325737000,1948945000,201343000,4314370000,4120010000,"1200390","The School Board of Miami-Dade County","MIAMI-DADE","Miami-Dade County","MIAMI",347307
"8","FL","The School Board of Miami-Dade County","69706",2021,6749546000,2434673000,269536000,4354450000,4434150000,"1200390","The School Board of Miami-Dade County","MIAMI-DADE","Miami-Dade County","MIAMI",347307
"9","FL","The School Board of Miami-Dade County","69706",2022,5172321000,979938000,293561000,4310277000,4525881000,"1200390","The School Board of Miami-Dade County","MIAMI-DADE","Miami-Dade County","MIAMI",347307
"10","NV","Clark County School District","35528",2020,7278369954,3186524832,281606000,3532293031,3748080450,"3200060","Clark County School District","CLARK COUNTY SCHOOL DISTRICT","Clark County","LAS VEGAS",328991
"11","NV","Clark County School District","35528",2021,7397686653,3246664848,341397008,3587025211,3773255454,"3200060","Clark County School District","CLARK COUNTY SCHOOL DISTRICT","Clark County","LAS VEGAS",328991
"12","NV","Clark County School District","35528",2022,6616725990,2167406738,375206564,3731048703,4480642764,"3200060","Clark County School District","CLARK COUNTY SCHOOL DISTRICT","Clark County","LAS VEGAS",328991
"13","PR","Puerto Rico Department of Education","87610",2020,0,0,0,2221319116,2202553572,"7200030","Puerto Rico Department of Education","PUERTO RICO DEPARTMENT OF EDUCATION","San Juan Municipio","SAN JUAN",292518
"14","FL","The School Board of Broward County","68696",2020,4251168000,1419517000,216322000,3132393000,3041050000,"1200180","The School Board of Broward County","BROWARD","Broward County","FORT LAUDERDALE",269172
"15","FL","The School Board of Broward County","68696",2021,4719813000,1708054000,197602000,3112376000,3058227000,"1200180","The School Board of Broward County","BROWARD","Broward County","FORT LAUDERDALE",269172
"16","FL","The School Board of Broward County","68696",2022,4101087000,717399000,218703000,3098004000,3345977000,"1200180","The School Board of Broward County","BROWARD","Broward County","FORT LAUDERDALE",269172
"17","FL","School District of Hillsborough Countynty","32396",2020,2502458869,1166977434,208572211,2466616138,2451375686,"1200870","The School District of Hillsborough County","HILLSBOROUGH","Hillsborough County","TAMPA",223305
"18","FL","School District of Hillsborough Countynty","32396",2021,2665346000,1414051000,204024000,2470127000,2594106000,"1200870","The School District of Hillsborough County","HILLSBOROUGH","Hillsborough County","TAMPA",223305
"19","FL","School District of Hillsborough Countynty","32396",2022,1885482000,603952000,226659000,2344589000,2866307000,"1200870","The School District of Hillsborough County","HILLSBOROUGH","Hillsborough County","TAMPA",223305
"20","TX","Houston Independent School District","38988",2020,4918438580,594268532,716497750,2707336003,2881150552,"4823640","Houston Independent School District","HOUSTON ISD","Harris County","HOUSTON",210061
"21","TX","Houston Independent School District","38988",2021,4584477017,556359739,540884130,2792861674,3019128204,"4823640","Houston Independent School District","HOUSTON ISD","Harris County","HOUSTON",210061
"22","TX","Houston Independent School District","38988",2022,4017192671,261676905,531819720,2733855715,3143925418,"4823640","Houston Independent School District","HOUSTON ISD","Harris County","HOUSTON",210061
"23","FL","Orange County District School Board","102323",2020,2680621894,1128084763,58851299,2518940161,2676919286,"1201440","Orange County District School Board","ORANGE","Orange County","ORLANDO",208875
"24","FL","Orange County District School Board","102323",2021,2873292546,1384664900,57427977,2642541171,2877820251,"1201440","Orange County District School Board","ORANGE","Orange County","ORLANDO",208875
"25","FL","Orange County District School Board","102323",2022,1985696688,559308621,48695858,2528667847,3077292844,"1201440","Orange County District School Board","ORANGE","Orange County","ORLANDO",208875
"26","FL","The School District of Palm Beach County","93789",2020,3401701000,1151170000,199429000,2568945000,2551761000,"1201500","The School District of Palm Beach County","PALM BEACH","Palm Beach County","WEST PALM BEACH",194675
"27","FL","The School District of Palm Beach County","93789",2021,3562652000,1496769000,66950000,2518609000,2752329000,"1201500","The School District of Palm Beach County","PALM BEACH","Palm Beach County","WEST PALM BEACH",194675
"28","FL","The School District of Palm Beach County","93789",2022,2604310000,616040000,63218000,2632326000,2972557000,"1201500","The School District of Palm Beach County","PALM BEACH","Palm Beach County","WEST PALM BEACH",194675
"29","HI","Hawaii Department of Education","71050",2020,568157654,0,0,3261774036,3449583662,"1500030","Hawaii Department of Education","Hawaii Department of Education","Honolulu County","Honolulu",181088
"30","HI","Hawaii Department of Education","71050",2021,574865545,0,0,3083226635,3314625554,"1500030","Hawaii Department of Education","Hawaii Department of Education","Honolulu County","Honolulu",181088
"31","HI","Hawaii Department of Education","71050",2022,603431402,0,0,3289171601,3579135080,"1500030","Hawaii Department of Education","Hawaii Department of Education","Honolulu County","Honolulu",181088
"32","GA","Gwinnett County Board of Education","70981",2020,4534969007,1851016703,1187241718,2326752639,2365656996,"1302550","Gwinnett County Board of Education","Gwinnett County","Gwinnett County","Lawrenceville",180589
"33","GA","Gwinnett County Board of Education","70981",2021,4969131931,2014869263,1420468758,2329791563,2347712215,"1302550","Gwinnett County Board of Education","Gwinnett County","Gwinnett County","Lawrenceville",180589
"34","GA","Gwinnett County Board of Education","70981",2022,3303196914,581621322,1040000402,2160225739,2664462836,"1302550","Gwinnett County Board of Education","Gwinnett County","Gwinnett County","Lawrenceville",180589
"35","MD","The Board of Education of Montgomery County","33968",2020,3663139490,554333453,2616173765,3093834900,3195067624,"2400480","Montgomery County Public Schools","Montgomery County Public Schools","Montgomery County","Rockville",165267
"36","MD","The Board of Education of Montgomery County","33968",2021,3461762167,464686817,2499298431,3166505574,3110988252,"2400480","Montgomery County Public Schools","Montgomery County Public Schools","Montgomery County","Rockville",165267
"37","MD","The Board of Education of Montgomery County","33968",2022,3642516561,99777369,2827843426,3316534997,3377303917,"2400480","Montgomery County Public Schools","Montgomery County Public Schools","Montgomery County","Rockville",165267
"38","NC","Wake County Board of Education","36675",2020,2749372028,691000187,1855820546,1818653565,1970695735,"3704720","Wake County Board of Education","Wake County Schools","Wake County","Cary",163404
"39","NC","Wake County Board of Education","36675",2021,2669911665,809760809,1632187418,1767842436,2000835184,"3704720","Wake County Board of Education","Wake County Schools","Wake County","Cary",163404
"40","NC","Wake County Board of Education","36675",2022,2479311312,312359922,1808842283,1890940187,2291155195,"3704720","Wake County Board of Education","Wake County Schools","Wake County","Cary",163404
"41","TX","Dallas Independent School District","38892",2020,4757887523,595195671,690114814,2185683004,2323118295,"4816230","Dallas Independent School District","DALLAS ISD","Dallas County","DALLAS",153861
"42","TX","Dallas Independent School District","38892",2021,5041659137,600167381,557369210,2225354088,2343070724,"4816230","Dallas Independent School District","DALLAS ISD","Dallas County","DALLAS",153861
"43","TX","Dallas Independent School District","38892",2022,5117424277,303114994,569594378,2127179752,2378029978,"4816230","Dallas Independent School District","DALLAS ISD","Dallas County","DALLAS",153861
"44","NC","Charlotte-Mecklenburg Board of Education","36608",2020,2559051000,622449000,1688234000,1700351000,1799355000,"3702970","Charlotte-Mecklenburg Board of Education","Charlotte-Mecklenburg Schools","Mecklenburg County","Charlotte",149845
"45","NC","Charlotte-Mecklenburg Board of Education","36608",2021,2521807000,729458000,1498015000,1680698000,1936224000,"3702970","Charlotte-Mecklenburg Board of Education","Charlotte-Mecklenburg Schools","Mecklenburg County","Charlotte",149845
"46","NC","Charlotte-Mecklenburg Board of Education","36608",2022,2193102000,288326000,1678546000,1743696000,2124930000,"3702970","Charlotte-Mecklenburg Board of Education","Charlotte-Mecklenburg Schools","Mecklenburg County","Charlotte",149845
"47","MD","Prince George’s County Public Schools","196828",2020,3459634368,186890787,2858119000,2465093450,2405571401,"2400510","Prince George’S County Public Schools","Prince George's County Public Schools","Prince George's County","Upper Marlboro",135952
"48","MD","Prince George’s County Public Schools","196828",2021,3506700863,207678490,2911750000,2514357089,2549532338,"2400510","Prince George’S County Public Schools","Prince George's County Public Schools","Prince George's County","Upper Marlboro",135952
"49","PA","School District of Philadelphia","87525",2020,8193140034,3571478000,179300000,3931250090,3861891368,"4218990","School District of Philadelphia","Philadelphia City SD","Philadelphia County","Philadelphia",130617
"50","PA","School District of Philadelphia","87525",2021,8343807884,3790600000,186300000,3945983515,4010160109,"4218990","School District of Philadelphia","Philadelphia City SD","Philadelphia County","Philadelphia",130617
"51","PA","School District of Philadelphia","87525",2022,8177981593,3253100000,208300000,4272581672,4651065458,"4218990","School District of Philadelphia","Philadelphia City SD","Philadelphia County","Philadelphia",130617
"52","TX","Cypress-Fairbanks Independent School District","38984",2020,4145823676,354920841,416699640,1433416147,1382684090,"4816110","Cypress-Fairbanks Independent School District","CYPRESS-FAIRBANKS ISD","Harris County","HOUSTON",117446
"53","TX","Cypress-Fairbanks Independent School District","38984",2021,4426517127,348098746,327842108,1487393613,1418839448,"4816110","Cypress-Fairbanks Independent School District","CYPRESS-FAIRBANKS ISD","Harris County","HOUSTON",117446
"54","TX","Cypress-Fairbanks Independent School District","38984",2022,4220130011,169555630,340606217,1402098528,1445079192,"4816110","Cypress-Fairbanks Independent School District","CYPRESS-FAIRBANKS ISD","Harris County","HOUSTON",117446
"55","MD","Board of Education of Baltimore County","171323",2020,2428010000,137969000,2045949000,2125318000,1955757000,"2400120","Board of Education of Baltimore County","Baltimore County Public Schools","Baltimore County","Towson",115038
"56","MD","Board of Education of Baltimore County","171323",2021,2788047000,116025000,2420620000,2163344000,1948422000,"2400120","Board of Education of Baltimore County","Baltimore County Public Schools","Baltimore County","Towson",115038
"57","MD","Board of Education of Baltimore County","171323",2022,2205773000,98387000,1746250000,2065036000,2024680000,"2400120","Board of Education of Baltimore County","Baltimore County Public Schools","Baltimore County","Towson",115038
"58","TN","Board of Education of Shelby County","87787",2020,958891499,181063,879359591,1162335680,1336828018,"4700148","Board of Education of Shelby County","Shelby County","Shelby County","Memphis",113198
"59","TN","Board of Education of Shelby County","87787",2021,1224370835,27221,1130535591,1332786133,1375925703,"4700148","Board of Education of Shelby County","Shelby County","Shelby County","Memphis",113198
"60","TN","Board of Education of Shelby County","87787",2022,0,0,0,0,0,"4700148","Board of Education of Shelby County","Shelby County","Shelby County","Memphis",113198
"61","GA","Cobb County School District","70971",2020,2217236000,1158513000,755723000,1465479000,1517922000,"1301290","Cobb County School District","Cobb County","Cobb County","Marietta",112097
"62","GA","Cobb County School District","70971",2021,2554459000,1350882000,909504000,1531381000,1586245000,"1301290","Cobb County School District","Cobb County","Cobb County","Marietta",112097
"63","GA","Cobb County School District","70971",2022,1478270000,497854000,677878000,1398684000,1702635000,"1301290","Cobb County School District","Cobb County","Cobb County","Marietta",112097
"64","TX","Northside Independent School District","38820",2020,3032820362,330423641,386107674,1297554866,1322943080,"4833120","Northside Independent School District","NORTHSIDE ISD","Bexar County","SAN ANTONIO",107817
"65","TX","Northside Independent School District","38820",2021,3133192193,304096292,298608482,1279234386,1314426478,"4833120","Northside Independent School District","NORTHSIDE ISD","Bexar County","SAN ANTONIO",107817
"66","TX","Northside Independent School District","38820",2022,3044379243,137638982,288188237,1245917923,1402718826,"4833120","Northside Independent School District","NORTHSIDE ISD","Bexar County","SAN ANTONIO",107817
"67","FL","School District of Polk County","98989",2020,1056455681,501853478,33902309,1118958295,1149637602,"1201590","School District of Polk County","POLK","Polk County","BARTOW",102952
"68","FL","School District of Polk County","98989",2021,1155033120,584171515,35381443,1158981177,1162151131,"1201590","School District of Polk County","POLK","Polk County","BARTOW",102952
"69","FL","School District of Polk County","98989",2022,815147783,250868681,48799141,1252803438,1400686936,"1201590","School District of Polk County","POLK","Polk County","BARTOW",102952
"70","CA","San Diego Unified School District","146593",2020,6421488110,1449568000,135880213,1875674718,1987911916,"0634320","San Diego Unified School District","San Diego Unified","San Diego County","San Diego",102270
"71","CA","San Diego Unified School District","146593",2021,7331466923,1546135000,143083016,1986798898,2113720564,"0634320","San Diego Unified School District","San Diego Unified","San Diego County","San Diego",102270
"72","CA","San Diego Unified School District","146593",2022,6939382611,803920000,136132998,1965428482,2348998159,"0634320","San Diego Unified School District","San Diego Unified","San Diego County","San Diego",102270
"73","KY","Jefferson County Board of Education","33679",2020,1662666688,534348849,431036181,1591239863,1572818250,"2102990","Jefferson County Board of Education","Jefferson County","Jefferson County","Louisville",100348
"74","KY","Jefferson County Board of Education","33679",2021,1717633170,560507654,440641271,1695673893,1697883445,"2102990","Jefferson County Board of Education","Jefferson County","Jefferson County","Louisville",100348
"75","KY","Jefferson County Board of Education","33679",2022,1579546957,443185785,355914935,1891467349,2188616640,"2102990","Jefferson County Board of Education","Jefferson County","Jefferson County","Louisville",100348
"76","FL","District School Board of Pinellas County","69989",2020,931076698,608061187,52281715,1165276481,1129321171,"1201560","District School Board of Pinellas County","PINELLAS","Pinellas County","LARGO",99772
"77","FL","District School Board of Pinellas County","69989",2021,1143065408,720789781,58611005,1243482809,1243306424,"1201560","District School Board of Pinellas County","PINELLAS","Pinellas County","LARGO",99772
"78","FL","District School Board of Pinellas County","69989",2022,736047671,305861431,61258742,1169154119,1243545374,"1201560","District School Board of Pinellas County","PINELLAS","Pinellas County","LARGO",99772
"79","GA","Dekalb County Board of Education","105280",2020,2301940046,1122765085,770250780,1431948985,1466773135,"1301740","Dekalb County Board of Education","DeKalb County","DeKalb County","DECATUR",98800
"80","GA","Dekalb County Board of Education","105280",2021,2544087876,1281485515,914081630,1438897061,1495935328,"1301740","Dekalb County Board of Education","DeKalb County","DeKalb County","DECATUR",98800
"81","GA","Dekalb County Board of Education","105280",2022,1410439661,458069789,674481213,1366999080,1754322007,"1301740","Dekalb County Board of Education","DeKalb County","DeKalb County","DECATUR",98800
"82","FL","The School District of Lee County","32402",2020,1278007845,486925058,50552528,1102540344,1150757420,"1201080","The School District of Lee County","LEE","Lee County","FORT MYERS",95613
"83","FL","The School District of Lee County","32402",2021,1306480223,567716145,51818919,1134216279,1211807028,"1201080","The School District of Lee County","LEE","Lee County","FORT MYERS",95613
"84","FL","The School District of Lee County","32402",2022,946684313,246395024,52461989,1168900535,1382279297,"1201080","The School District of Lee County","LEE","Lee County","FORT MYERS",95613
"85","GA","Fulton County Board of Education","70979",2020,1976650177,1091755582,660783856,1317115866,1409931971,"1302280","Fulton County Board of Education","Fulton County","Fulton County","Atlanta",93897
"86","GA","Fulton County Board of Education","70979",2021,2121528100,1125485679,779381586,1312886363,1393108013,"1302280","Fulton County Board of Education","Fulton County","Fulton County","Atlanta",93897
"87","GA","Fulton County Board of Education","70979",2022,1272945793,481981956,578951041,1275648325,1611502864,"1302280","Fulton County Board of Education","Fulton County","Fulton County","Atlanta",93897
"88","NM","Albuquerque Municipal School District No. 12","35931",2020,2397848787,1284568723,363064860,572543455,1131467933,"3500060","Albuquerque Municipal School District No. 12","ALBUQUERQUE PUBLIC SCHOOLS","Bernalillo County","ALBUQUERQUE",88312
"89","NM","Albuquerque Municipal School District No. 12","35931",2021,4771504689,3536282260,485256883,1868948339,1120662608,"3500060","Albuquerque Municipal School District No. 12","ALBUQUERQUE PUBLIC SCHOOLS","Bernalillo County","ALBUQUERQUE",88312
"90","NM","Albuquerque Municipal School District No. 12","35931",2022,2349381349,1208673186,372367571,1162855785,1207207943,"3500060","Albuquerque Municipal School District No. 12","ALBUQUERQUE PUBLIC SCHOOLS","Bernalillo County","ALBUQUERQUE",88312
"91","MD","Board of Education of Anne Arundel County","41282",2020,2182951319,64243619,1859904000,1405044746,1481594562,"2400060","Anne Arundel County Board of Education","Anne Arundel County Public Schools","Anne Arundel County","Annapolis",84984
"92","MD","Board of Education of Anne Arundel County","41282",2021,2408740296,76712926,2064794000,1440838073,1460219112,"2400060","Anne Arundel County Board of Education","Anne Arundel County Public Schools","Anne Arundel County","Annapolis",84984
"93","MD","Board of Education of Anne Arundel County","41282",2022,2579835716,59724128,2234317354,1541721301,1668980363,"2400060","Anne Arundel County Board of Education","Anne Arundel County Public Schools","Anne Arundel County","Annapolis",84984
"94","CO","Jefferson County School District","32057",2020,2353743121,1347298359,66246238,731016376,1017567920,"0804800","Jefferson County School District No R-1","Jefferson County School District No. R-1","Jefferson County","GOLDEN",84078
"95","CO","Jefferson County School District","32057",2021,2761721373,1523282578,55380519,588685435,982180796,"0804800","Jefferson County School District No R-1","Jefferson County School District No. R-1","Jefferson County","GOLDEN",84078
"96","CO","Jefferson County School District","32057",2022,2221930001,1032420784,49949079,566942357,980930517,"0804800","Jefferson County School District No R-1","Jefferson County School District No. R-1","Jefferson County","GOLDEN",84078
"97","UT","Alpine School District","39330",2020,1059030997,185909219,66222363,768957816,758243762,"4900030","Alpine School District","Alpine District","Utah County","AMERICAN FORK",83540
"98","UT","Alpine School District","39330",2021,943091448,114028597,51252537,737124522,827245124,"4900030","Alpine School District","Alpine District","Utah County","AMERICAN FORK",83540
"99","UT","Alpine School District","39330",2022,809933690,0,59817996,766987776,922755140,"4900030","Alpine School District","Alpine District","Utah County","AMERICAN FORK",83540
"100","TX","Katy Independent School District","38990",2020,2787669152,223796599,281189550,1072886090,1089968833,"4825170","Katy Independent School District","KATY ISD","Fort Bend County","KATY",83423
"101","TX","Katy Independent School District","38990",2021,2638649634,239987931,232773193,1091806035,1099696832,"4825170","Katy Independent School District","KATY ISD","Fort Bend County","KATY",83423
"102","TX","Katy Independent School District","38990",2022,2922065682,120591481,244188502,1105704784,1171057117,"4825170","Katy Independent School District","KATY ISD","Fort Bend County","KATY",83423
"103","TX","Fort Worth Independent School District","39194",2020,2010513068,305150969,352419124,1074969265,1118553390,"4819700","Fort Worth Independent School District","FORT WORTH ISD","Tarrant County","FORT WORTH",82891
"104","TX","Fort Worth Independent School District","39194",2021,1995676293,284706401,269695599,1048582970,1193433536,"4819700","Fort Worth Independent School District","FORT WORTH ISD","Tarrant County","FORT WORTH",82891
"105","TX","Fort Worth Independent School District","39194",2022,2010367300,137291685,266947488,1023582315,1184225922,"4819700","Fort Worth Independent School District","FORT WORTH ISD","Tarrant County","FORT WORTH",82891
"106","TX","Austin Independent School District","39211",2020,2497995416,118517031,302775488,1672957566,1757890245,"4808940","Austin Independent School District","AUSTIN ISD","Travis County","AUSTIN",80911
"107","TX","Austin Independent School District","39211",2021,2833156660,246709201,256544236,1800313940,1775213465,"4808940","Austin Independent School District","AUSTIN ISD","Travis County","AUSTIN",80911
"108","TX","Austin Independent School District","39211",2022,2497215287,118923950,261315475,1806248529,1904957717,"4808940","Austin Independent School District","AUSTIN ISD","Travis County","AUSTIN",80911
"109","MD","Baltimore City Public School System","44313",2020,426185000,0,0,1446826000,1711671000,"2400090","Baltimore City Public School System","Baltimore City Public Schools","Baltimore city","Baltimore",79187
"110","MD","Baltimore City Public School System","44313",2021,441281000,0,0,1512821000,1672835000,"2400090","Baltimore City Public School System","Baltimore City Public Schools","Baltimore city","Baltimore",79187
"111","MD","Baltimore City Public School System","44313",2022,496357000,0,0,1642729000,1937428000,"2400090","Baltimore City Public School System","Baltimore City Public Schools","Baltimore city","Baltimore",79187
"112","TX","Fort Bend Independent School District","38940",2020,1939809685,206732032,270110960,1063607180,971061938,"4819650","Fort Bend Independent School District","FORT BEND ISD","Fort Bend County","SUGAR LAND",77756
"113","TX","Fort Bend Independent School District","38940",2021,2213317639,220611616,221244800,1060930559,959226672,"4819650","Fort Bend Independent School District","FORT BEND ISD","Fort Bend County","SUGAR LAND",77756
"114","TX","Fort Bend Independent School District","38940",2022,2238763485,114694828,226752430,979717663,983531628,"4819650","Fort Bend Independent School District","FORT BEND ISD","Fort Bend County","SUGAR LAND",77756
"115","SC","The School District of Greenville County","38341",2020,2523154282,895763981,760663343,940707649,954914212,"4502310","The School District of Greenville County","Greenville 01","Greenville County","Greenville",77302
"116","SC","The School District of Greenville County","38341",2021,2736790589,1014813176,919301322,997471803,1043035976,"4502310","The School District of Greenville County","Greenville 01","Greenville County","Greenville",77302
"117","SC","The School District of Greenville County","38341",2022,2631862828,860615385,1065211698,1060578074,1147588388,"4502310","The School District of Greenville County","Greenville 01","Greenville County","Greenville",77302
"118","FL","Pasco County District School Board","148148",2020,1220077040,397711685,98611974,801681147,823883566,"1201530","Pasco County District School Board","PASCO","Pasco County","LAND O LAKES",76661
"119","FL","Pasco County District School Board","148148",2021,1274076351,475673705,106858334,902757945,895626256,"1201530","Pasco County District School Board","PASCO","Pasco County","LAND O LAKES",76661
"120","FL","Pasco County District School Board","148148",2022,1069763344,204212328,112148615,845070031,999482073,"1201530","Pasco County District School Board","PASCO","Pasco County","LAND O LAKES",76661
"121","UT","Davis School District","39313",2020,889548468,181144594,0,694223529,728477766,"4900210","Davis School District","Davis District","Davis County","FARMINGTON",74773
"122","UT","Davis School District","39313",2021,0,0,0,0,0,"4900210","Davis School District","Davis District","Davis County","FARMINGTON",74773
"123","UT","Davis School District","39313",2022,612899141,0,0,674110332,819673603,"4900210","Davis School District","Davis District","Davis County","FARMINGTON",74773
"124","WI","Milwaukee Public Schools","40012",2020,1413229033,187257004,762277112,1268266817,1208173119,"5509600","Milwaukee Public Schools","Milwaukee School District","Milwaukee County","Milwaukee",74683
"125","WI","Milwaukee Public Schools","40012",2021,1282936553,161786883,631694509,1115965278,1304106715,"5509600","Milwaukee Public Schools","Milwaukee School District","Milwaukee County","Milwaukee",74683
"126","WI","Milwaukee Public Schools","40012",2022,1129331858,109186165,579869520,1223409371,1460927025,"5509600","Milwaukee Public Schools","Milwaukee School District","Milwaukee County","Milwaukee",74683
"127","FL","Brevard District School Board County","93779",2020,970289235,393361434,17244106,809117325,802974791,"1200150","Brevard District School Board County","BREVARD","Brevard County","VIERA",73962
"128","FL","Brevard District School Board County","93779",2021,1020726984,475178596,17121999,838044420,851618092,"1200150","Brevard District School Board County","BREVARD","Brevard County","VIERA",73962
"129","FL","Brevard District School Board County","93779",2022,716195226,192510509,17479901,820790396,915719479,"1200150","Brevard District School Board County","BREVARD","Brevard County","VIERA",73962
"130","NC","Guilford County Board of Education","36571",2020,1173118351,301635944,804006602,822101070,796869443,"3701920","Guilford County Board of Education","Guilford County Schools","Guilford County","Greensboro",72682
"131","NC","Guilford County Board of Education","36571",2021,1108660665,344503647,691599796,825832880,833573949,"3701920","Guilford County Board of Education","Guilford County Schools","Guilford County","Greensboro",72682
"132","NC","Guilford County Board of Education","36571",2022,970820060,130946596,750028289,871860532,984389389,"3701920","Guilford County Board of Education","Guilford County Schools","Guilford County","Greensboro",72682
"133","CA","Long Beach Unified School District","146325",2020,3148525800,922386344,425718817,1123576999,1136009100,"0622500","Long Beach Unified School District","Long Beach Unified","Los Angeles County","Long Beach",71712
"134","CA","Long Beach Unified School District","146325",2021,3149319980,962921099,451231966,1133568444,1268432361,"0622500","Long Beach Unified School District","Long Beach Unified","Los Angeles County","Long Beach",71712
"135","CA","Long Beach Unified School District","146325",2022,2597539043,480681147,401299005,1114588767,1281497291,"0622500","Long Beach Unified School District","Long Beach Unified","Los Angeles County","Long Beach",71712
"136","CA","Fresno Unified School District","146154",2020,3034261964,942203000,1019190619,1233813509,1166709424,"0614550","Fresno Unified School District","Fresno Unified","Fresno County","Fresno",71265
"137","CA","Fresno Unified School District","146154",2021,3379492852,993525000,1050247712,1271463860,1280455084,"0614550","Fresno Unified School District","Fresno Unified","Fresno County","Fresno",71265
"138","CA","Fresno Unified School District","146154",2022,2557865078,492432000,987304445,1324637810,1515772451,"0614550","Fresno Unified School District","Fresno Unified","Fresno County","Fresno",71265
"139","FL","Osceola County District School Board","198253",2020,629910852,297815602,15687722,709946823,795253071,"1201470","Osceola County District School Board","OSCEOLA","Osceola County","KISSIMMEE",69925
"140","FL","Osceola County District School Board","198253",2021,738716305,347343200,16582352,737330037,854416743,"1201470","Osceola County District School Board","OSCEOLA","Osceola County","KISSIMMEE",69925
"141","FL","Osceola County District School Board","198253",2022,513854719,151318672,15279565,753198847,935328714,"1201470","Osceola County District School Board","OSCEOLA","Osceola County","KISSIMMEE",69925
"142","FL","District School Board of Seminole County","32425",2020,601902285,346916779,18813350,666147076,682225811,"1201710","Seminole County Public Schools","SEMINOLE","Seminole County","SANFORD",68096
"143","FL","District School Board of Seminole County","32425",2021,645371995,409745367,21740202,704741209,733138761,"1201710","Seminole County Public Schools","SEMINOLE","Seminole County","SANFORD",68096
"144","FL","District School Board of Seminole County","32425",2022,368504409,172583468,9869686,671846476,746766650,"1201710","Seminole County Public Schools","SEMINOLE","Seminole County","SANFORD",68096
"145","CO","Douglas County School District RE. 1","32045",2020,1545454919,864936787,42529387,619988621,809862038,"0803450","Douglas County School District Re.1","Douglas County School District No. Re 1","Douglas County","CASTLE ROCK",67305
"146","CO","Douglas County School District RE. 1","32045",2021,1547646681,936328834,34048351,477799993,786412795,"0803450","Douglas County School District Re.1","Douglas County School District No. Re 1","Douglas County","CASTLE ROCK",67305
"147","CO","Douglas County School District RE. 1","32045",2022,1179974812,636750686,30807156,554339436,867335496,"0803450","Douglas County School District Re.1","Douglas County School District No. Re 1","Douglas County","CASTLE ROCK",67305
"148","NV","Washoe County School District","35535",2020,2191603737,716187044,196695810,781154443,770757665,"3200480","Washoe County School District","WASHOE COUNTY SCHOOL DISTRICT","Washoe County","RENO",67301
"149","NV","Washoe County School District","35535",2021,2225904426,732973503,101100866,733442617,786858586,"3200480","Washoe County School District","WASHOE COUNTY SCHOOL DISTRICT","Washoe County","RENO",67301
"150","NV","Washoe County School District","35535",2022,1956695511,480019715,84116082,719872778,845829655,"3200480","Washoe County School District","WASHOE COUNTY SCHOOL DISTRICT","Washoe County","RENO",67301
"151","TX","Aldine Independent School District","38981",2020,1730907415,206674704,244402754,838250145,850679006,"4807710","Aldine Independent School District","ALDINE ISD","Harris County","HOUSTON",67259
"152","TX","Aldine Independent School District","38981",2021,1641404605,189964192,195448921,863766730,909469310,"4807710","Aldine Independent School District","ALDINE ISD","Harris County","HOUSTON",67259
"153","TX","Aldine Independent School District","38981",2022,1539488436,100160353,198628115,780810740,902727160,"4807710","Aldine Independent School District","ALDINE ISD","Harris County","HOUSTON",67259
"154","UT","Granite School District","39321",2020,604234008,214554003,1982613,675672751,696323176,"4900360","Granite School District","Granite District","Salt Lake County","SALT LAKE CITY",66276
"155","UT","Granite School District","39321",2021,566792149,134437593,1880526,671159271,714703095,"4900360","Granite School District","Granite District","Salt Lake County","SALT LAKE CITY",66276
"156","UT","Granite School District","39321",2022,433408113,15817857,1620690,619422155,789408746,"4900360","Granite School District","Granite District","Salt Lake County","SALT LAKE CITY",66276
"157","TX","Conroe Independent School District","39105",2020,1873250052,169824823,205866828,730581396,742306470,"4815000","Conroe Independent School District","CONROE ISD","Montgomery County","CONROE",64799
"158","TX","Conroe Independent School District","39105",2021,1952719533,165523063,162575489,739075712,783045150,"4815000","Conroe Independent School District","CONROE ISD","Montgomery County","CONROE",64799
"159","TX","Conroe Independent School District","39105",2022,2180487749,86473036,172908251,753057341,796588711,"4815000","Conroe Independent School District","CONROE ISD","Montgomery County","CONROE",64799
"160","TX","North East Independent School District","38819",2020,2132074073,184611924,237167621,836862448,803857410,"4832940","North East Independent School District","NORTH EAST ISD","Bexar County","SAN ANTONIO",64539
"161","TX","North East Independent School District","38819",2021,2030620656,172926149,189664039,782352730,794725340,"4832940","North East Independent School District","NORTH EAST ISD","Bexar County","SAN ANTONIO",64539
"162","TX","North East Independent School District","38819",2022,1856368896,81593041,183769031,739975203,843447483,"4832940","North East Independent School District","NORTH EAST ISD","Bexar County","SAN ANTONIO",64539
"163","CA","Elk Grove Unified School District","146106",2020,1218599815,749359000,11770913,887739046,841645710,"0612330","Elk Grove Unified School District","Elk Grove Unified","Sacramento County","Elk Grove",63660
"164","CA","Elk Grove Unified School District","146106",2021,1408269561,756867000,12171425,889013352,952310639,"0612330","Elk Grove Unified School District","Elk Grove Unified","Sacramento County","Elk Grove",63660
"165","CA","Elk Grove Unified School District","146106",2022,1075350313,363655000,11624895,850822680,1018154039,"0612330","Elk Grove Unified School District","Elk Grove Unified","Sacramento County","Elk Grove",63660
"166","FL","Volusia County District School Board","70626",2020,791182331,338806631,18586161,669777965,663782752,"1201920","Volusia County District School Board","VOLUSIA","Volusia County","DELAND",63009
"167","FL","Volusia County District School Board","70626",2021,909655530,400285028,34931301,679405473,720664896,"1201920","Volusia County District School Board","VOLUSIA","Volusia County","DELAND",63009
"168","FL","Volusia County District School Board","70626",2022,677407707,166740065,52779620,692783836,784666880,"1201920","Volusia County District School Board","VOLUSIA","Volusia County","DELAND",63009
"169","TX","Frisco Independent School District","38875",2020,2771800196,182078056,195016124,832675941,820388165,"4820010","Frisco Independent School District","FRISCO ISD","Collin County","FRISCO",62705
"170","TX","Frisco Independent School District","38875",2021,2958404814,173815951,159309242,821642847,810326964,"4820010","Frisco Independent School District","FRISCO ISD","Collin County","FRISCO",62705
"171","TX","Frisco Independent School District","38875",2022,2989594645,87846717,167202174,832571939,828768034,"4820010","Frisco Independent School District","FRISCO ISD","Collin County","FRISCO",62705
"172","AZ","Mesa Unified School District No. 4","30554",2020,897959189,468531459,0,618205248,644754580,"0404970","Mesa Unified School District No.4","Mesa Unified District (4235)","Maricopa County","MESA",62703
"173","AZ","Mesa Unified School District No. 4","30554",2021,1014094248,567135119,0,667939010,702988195,"0404970","Mesa Unified School District No.4","Mesa Unified District (4235)","Maricopa County","MESA",62703
"174","AZ","Mesa Unified School District No. 4","30554",2022,933067958,438021553,0,737710699,770276105,"0404970","Mesa Unified School District No.4","Mesa Unified District (4235)","Maricopa County","MESA",62703
"175","TN","Knox County Schools","107065",2020,21977,0,0,17511329,19174061,"4702220","Knox County Schools","Knox County","Knox County","Knoxville",61545
"176","TN","Knox County Schools","107065",2021,302106,0,0,13965674,13705323,"4702220","Knox County Schools","Knox County","Knox County","Knoxville",61545
"177","TX","Arlington Independent School District","39189",2020,1643859113,202083399,231749147,756774370,759674721,"4808700","Arlington Independent School District","ARLINGTON ISD","Tarrant County","ARLINGTON",59532
"178","TX","Arlington Independent School District","39189",2021,1720754199,190880824,179590022,714301734,744198499,"4808700","Arlington Independent School District","ARLINGTON ISD","Tarrant County","ARLINGTON",59532
"179","TX","Arlington Independent School District","39189",2022,1768016847,94001973,184805089,735907670,791863327,"4808700","Arlington Independent School District","ARLINGTON ISD","Tarrant County","ARLINGTON",59532
"180","MD","Howard County Board of Education","41713",2020,1031229897,50666596,849712337,1112467221,1082067035,"2400420","Howard County Board of Education","Howard County Public Schools","Howard County","Ellicott City",58868
"181","MD","Howard County Board of Education","41713",2021,1279348296,55884306,1080270015,1149382548,1173579707,"2400420","Howard County Board of Education","Howard County Public Schools","Howard County","Ellicott City",58868
"182","MD","Howard County Board of Education","41713",2022,1417142394,40867624,1224705936,1292774094,1308170225,"2400420","Howard County Board of Education","Howard County Public Schools","Howard County","Ellicott City",58868
"183","UT","Jordan School District","39322",2020,505146280,154946340,2387087,538949305,534505057,"4900420","Jordan School District","Jordan District","Salt Lake County","WEST JORDAN",57771
"184","UT","Jordan School District","39322",2021,452332183,101255162,2102296,550299948,568610702,"4900420","Jordan School District","Jordan District","Salt Lake County","WEST JORDAN",57771
"185","UT","Jordan School District","39322",2022,341856873,8581342,2919669,539122502,621924758,"4900420","Jordan School District","Jordan District","Salt Lake County","WEST JORDAN",57771
"186","CO","Cherry Creek School District No. 5","32036",2020,1931718440,1074427362,52826631,569719633,770750774,"0802910","Cherry Creek School District No 5","Cherry Creek School District No. 5 in the county of Arapah","Arapahoe County","GREENWOOD VILLAGE",56228
"187","CO","Cherry Creek School District No. 5","32036",2021,2192617732,1215421688,44195888,470199362,785167301,"0802910","Cherry Creek School District No 5","Cherry Creek School District No. 5 in the county of Arapah","Arapahoe County","GREENWOOD VILLAGE",56228
"188","CO","Cherry Creek School District No. 5","32036",2022,1847264298,845137624,40888024,493566705,866999574,"0802910","Cherry Creek School District No 5","Cherry Creek School District No. 5 in the county of Arapah","Arapahoe County","GREENWOOD VILLAGE",56228
"189","WA","Seattle School District No. 1","39643",2020,123970331,295248620,0,1188817592,1263718387,"5307710","Seattle School District No.1","Seattle School District No. 1","King County","SEATTLE",55986
"190","WA","Seattle School District No. 1","39643",2021,158128494,52900318,0,1173100791,1340498044,"5307710","Seattle School District No.1","Seattle School District No. 1","King County","SEATTLE",55986
"191","WA","Seattle School District No. 1","39643",2022,160077477,140712957,0,1371118223,1408997234,"5307710","Seattle School District No.1","Seattle School District No. 1","King County","SEATTLE",55986
"192","TX","Garland Independent School District","38895",2020,1028867238,176503815,204393433,653022063,692323253,"4820340","Garland Independent School District","GARLAND ISD","Dallas County","GARLAND",55701
"193","TX","Garland Independent School District","38895",2021,915494993,162986411,156820871,681441966,688585255,"4820340","Garland Independent School District","GARLAND ISD","Dallas County","GARLAND",55701
"194","TX","Garland Independent School District","38895",2022,801473441,80131846,158355733,621571261,698694619,"4820340","Garland Independent School District","GARLAND ISD","Dallas County","GARLAND",55701
"195","TX","El Paso Independent School District","38929",2020,1635139177,165283406,214670423,709583644,713146693,"4818300","El Paso Independent School District","EL PASO ISD","El Paso County","EL PASO",55253
"196","TX","El Paso Independent School District","38929",2021,1574007095,162623787,169499197,685611633,692353398,"4818300","El Paso Independent School District","EL PASO ISD","El Paso County","EL PASO",55253
"197","TX","El Paso Independent School District","38929",2022,1455178794,74746455,162029167,636466517,694964092,"4818300","El Paso Independent School District","EL PASO ISD","El Paso County","EL PASO",55253
"198","NC","Winston-Salem/Forsyth County Board of Education","196971",2020,895217484,213912827,605527697,604705844,604938088,"3701500","Winston-Salem/Forsyth County Schools-Board of Education","Winston Salem / Forsyth County Schools","Forsyth County","Winston Salem",54566
"199","NC","Winston-Salem/Forsyth County Board of Education","196971",2021,871012617,247807799,540312747,594692776,649542063,"3701500","Winston-Salem/Forsyth County Schools-Board of Education","Winston Salem / Forsyth County Schools","Forsyth County","Winston Salem",54566
"200","NC","Winston-Salem/Forsyth County Board of Education","196971",2022,753614650,94326783,589252692,671313460,776047317,"3701500","Winston-Salem/Forsyth County Schools-Board of Education","Winston Salem / Forsyth County Schools","Forsyth County","Winston Salem",54566
"201","GA","Clayton County Board of Education","48791",2020,916357252,467584423,347674422,619302155,655624753,"1301230","Clayton County Board of Education","Clayton County","Clayton County","Jonesboro",54424
"202","GA","Clayton County Board of Education","48791",2021,1050040927,528087620,409845950,641157143,705863175,"1301230","Clayton County Board of Education","Clayton County","Clayton County","Jonesboro",54424
"203","TX","Klein Independent School District","38991",2020,1688085132,171536152,192705677,572606002,622051034,"4825740","Klein Independent School District","KLEIN ISD","Harris County","KLEIN",54096
"204","TX","Klein Independent School District","38991",2021,1579426495,157094062,151372041,627388134,646937897,"4825740","Klein Independent School District","KLEIN ISD","Harris County","KLEIN",54096
"205","TX","Klein Independent School District","38991",2022,1451632789,77661481,155117901,606175507,667137983,"4825740","Klein Independent School District","KLEIN ISD","Harris County","KLEIN",54096
"206","TX","Pasadena Independent School District","38993",2020,1358873648,209167194,237273584,713080606,681880739,"4834320","Pasadena Independent School District","PASADENA ISD","Harris County","PASADENA",52878
"207","TX","Pasadena Independent School District","38993",2021,1284380268,192750901,177412041,653310985,655314293,"4834320","Pasadena Independent School District","PASADENA ISD","Harris County","PASADENA",52878
"208","TX","Pasadena Independent School District","38993",2022,1125132099,92055497,177646693,681521250,731622584,"4834320","Pasadena Independent School District","PASADENA ISD","Harris County","PASADENA",52878
"209","CA","San Francisco Unified School District","146595",2020,2652780917,836406746,782068572,1306963214,1290210104,"0634410","San Francisco Unified School District","San Francisco Unified","San Francisco County","San Francisco",52811
"210","CA","San Francisco Unified School District","146595",2021,3258391470,942536683,1012295819,1300564922,1352568770,"0634410","San Francisco Unified School District","San Francisco Unified","San Francisco County","San Francisco",52811
"211","CA","San Francisco Unified School District","146595",2022,0,0,1038791715,0,76144063,"0634410","San Francisco Unified School District","San Francisco Unified","San Francisco County","San Francisco",52811
"212","TX","Plano Independent School District","38877",2020,1471969476,174271009,198353587,872168012,929400425,"4835100","Plano Independent School District","PLANO ISD","Collin County","PLANO",52629
"213","TX","Plano Independent School District","38877",2021,1284946545,158421891,150887500,844601999,924823455,"4835100","Plano Independent School District","PLANO ISD","Collin County","PLANO",52629
"214","TX","Plano Independent School District","38877",2022,1068266206,74488392,147854332,839741773,948783062,"4835100","Plano Independent School District","PLANO ISD","Collin County","PLANO",52629
"215","CA","Corona-Norco Unified School District","146048",2020,1511591818,625815620,76877208,740906139,699973014,"0609850","Corona-Norco Unified School District","Corona-Norco Unified","Riverside County","Norco",52557
"216","CA","Corona-Norco Unified School District","146048",2021,1563044372,671097338,91005083,746641507,755110226,"0609850","Corona-Norco Unified School District","Corona-Norco Unified","Riverside County","Norco",52557
"217","CA","Corona-Norco Unified School District","146048",2022,1202562776,345568234,90317797,706726600,829160242,"0609850","Corona-Norco Unified School District","Corona-Norco Unified","Riverside County","Norco",52557
"218","GA","School District Atlanta Public Schools","70961",2020,1457874182,926762156,348020497,957538019,1064997400,"1300120","School District Atlanta Public Schools","Atlanta Public Schools","Fulton County","Atlanta",52416
"219","GA","School District Atlanta Public Schools","70961",2021,1577954716,954785144,411088967,1027374617,1107065727,"1300120","School District Atlanta Public Schools","Atlanta Public Schools","Fulton County","Atlanta",52416
"220","GA","School District Atlanta Public Schools","70961",2022,1053233508,513809696,311254040,1073033604,1339925605,"1300120","School District Atlanta Public Schools","Atlanta Public Schools","Fulton County","Atlanta",52416
"221","TX","Lewisville Independent School District","38905",2020,2016853986,159467259,183776610,675866265,752269010,"4827300","Lewisville Independent School District","LEWISVILLE ISD","Denton County","LEWISVILLE",52189
"222","TX","Lewisville Independent School District","38905",2021,1817886278,120078526,139565467,707878440,762324280,"4827300","Lewisville Independent School District","LEWISVILLE ISD","Denton County","LEWISVILLE",52189
"223","TX","Lewisville Independent School District","38905",2022,1607779084,70028626,143876935,674570671,763197979,"4827300","Lewisville Independent School District","LEWISVILLE ISD","Denton County","LEWISVILLE",52189
"224","TX","Round Rock Independent School District","39253",2020,1540696369,124392763,165202836,621266430,633743617,"4838080","Round Rock Independent School District","ROUND ROCK ISD","Williamson County","ROUND ROCK",50953
"225","TX","Round Rock Independent School District","39253",2021,1439049973,122550951,132474011,660015429,626539935,"4838080","Round Rock Independent School District","ROUND ROCK ISD","Williamson County","ROUND ROCK",50953
"226","TX","Round Rock Independent School District","39253",2022,1348198749,60755425,133656092,623834463,633621167,"4838080","Round Rock Independent School District","ROUND ROCK ISD","Williamson County","ROUND ROCK",50953
"227","NC","Cumberland County Board of Education","36539",2020,746287666,183778157,490843482,517377178,508669063,"3700011","Cumberland County Board of Education","Cumberland County Schools","Cumberland County","Fayetteville",50750
"228","NC","Cumberland County Board of Education","36539",2021,687684162,204652114,411166846,481496930,513093146,"3700011","Cumberland County Board of Education","Cumberland County Schools","Cumberland County","Fayetteville",50750
"229","NC","Cumberland County Board of Education","36539",2022,592275082,79131743,455719306,542096895,616885275,"3700011","Cumberland County Board of Education","Cumberland County Schools","Cumberland County","Fayetteville",50750
"230","MI","Detroit Community Schools","58299",2020,10879120,0,0,7689545,7053619,"2601103","Detroit Community Schools","Detroit Public Schools Community District","Wayne County","Detroit",50644
"231","MI","Detroit Community Schools","58299",2021,9867341,0,0,7080041,7732350,"2601103","Detroit Community Schools","Detroit Public Schools Community District","Wayne County","Detroit",50644
"232","MI","Detroit Community Schools","58299",2022,9488828,0,0,8211561,8341427,"2601103","Detroit Community Schools","Detroit Public Schools Community District","Wayne County","Detroit",50644
"233","GA","Forsyth County Board of Education","32567",2020,1482624205,445614082,305628089,608582855,619104806,"1302220","Forsyth County Board of Education","Forsyth County","Forsyth County","Cumming",50544
"234","GA","Forsyth County Board of Education","32567",2021,1580229755,514807347,378154509,649984177,648222869,"1302220","Forsyth County Board of Education","Forsyth County","Forsyth County","Cumming",50544
"235","GA","Forsyth County Board of Education","32567",2022,1096947127,189187977,282977024,582971133,727522197,"1302220","Forsyth County Board of Education","Forsyth County","Forsyth County","Cumming",50544
"236","SC","Charleston County School District","43341",2020,2050410740,583236524,501590758,794107999,895123983,"4501440","Charleston County School District","Charleston 01","Charleston County","Charleston",50299
"237","SC","Charleston County School District","43341",2021,2170073108,656117028,604134867,905067586,963164121,"4501440","Charleston County School District","Charleston 01","Charleston County","Charleston",50299
"238","SC","Charleston County School District","43341",2022,2171137557,595948185,718715844,990803695,1091173718,"4501440","Charleston County School District","Charleston 01","Charleston County","Charleston",50299
"239","FL","Manatee County District School Board","148130",2020,651729633,278088728,11302048,638104506,618558687,"1201230","Manatee County District School Board","MANATEE","Manatee County","BRADENTON",50088
"240","FL","Manatee County District School Board","148130",2021,710759791,341334666,17853453,650260175,664446929,"1201230","Manatee County District School Board","MANATEE","Manatee County","BRADENTON",50088
"241","FL","Manatee County District School Board","148130",2022,477014109,142380945,17487904,626010304,735538045,"1201230","Manatee County District School Board","MANATEE","Manatee County","BRADENTON",50088
"242","LA","Jefferson Parish Public School System","76062",2020,1465097782,538799170,625990594,682745988,670081371,"2200840","Jefferson Parish Public School System","Jefferson Parish","Jefferson Parish","Harvey",49862
"243","LA","Jefferson Parish Public School System","76062",2021,1594601621,641548785,659142753,739875731,733998778,"2200840","Jefferson Parish Public School System","Jefferson Parish","Jefferson Parish","Harvey",49862
"244","LA","Jefferson Parish Public School System","76062",2022,1254771469,287711839,558494795,772876334,897502814,"2200840","Jefferson Parish Public School System","Jefferson Parish","Jefferson Parish","Harvey",49862
"245","KS","Wichita Public Schools Unified School District No. 259","33553",2020,1076352124,483304919,44383115,649834377,732000392,"2012990","Wichita Public Schools Unified School District No 259","Wichita","Sedgwick County","Wichita",49323
"246","KS","Wichita Public Schools Unified School District No. 259","33553",2021,1031522523,558777110,39687638,708873669,751946712,"2012990","Wichita Public Schools Unified School District No 259","Wichita","Sedgwick County","Wichita",49323
"247","KS","Wichita Public Schools Unified School District No. 259","33553",2022,825756675,407705304,34332287,745288878,833260159,"2012990","Wichita Public Schools Unified School District No 259","Wichita","Sedgwick County","Wichita",49323
"248","OH","Columbus City School District","37083",2020,1621970087,853903447,92781777,1126995036,975429971,"3904380","Columbus City School District","Columbus City School District","Franklin County","Columbus",48759
"249","OH","Columbus City School District","37083",2021,1682048253,951160873,82953068,1219103605,1370191222,"3904380","Columbus City School District","Columbus City School District","Franklin County","Columbus",48759
"250","OH","Columbus City School District","37083",2022,1221689330,515286933,68866805,973183970,1041996222,"3904380","Columbus City School District","Columbus City School District","Franklin County","Columbus",48759
